"date";"Tur";"US";"Ger";"GB";"Jap";"Bra";"EU"
"5-Jan-09";0.038376187;-0.004679315;0.002193419;0.003894376;0;0.031190229;0.012698039
"6-Jan-09";0.031812743;0.007786738;0.008455341;0.012865611;0.004162452;0.01891958;0.011340652
"7-Jan-09";-0.026352966;-0.030469134;-0.017833062;-0.028734593;0.017292932;-0.035898576;-0.017072795
"8-Jan-09";-0.084715902;0.003391364;-0.011726277;-0.000465999;-0.040061309;0.028283152;-0.005560959
"9-Jan-09";0.009658112;-0.021533208;-0.019872754;-0.012709717;-0.004473502;-0.00976388;-0.010988634
"12-Jan-09";-0.042361155;-0.022822626;-0.013525735;-0.005025533;-0.049038532;-0.053849474;-0.012451259
"13-Jan-09";-0.000272183;0.001756552;-0.017673622;-0.006141454;0;0.00357202;-0.012220196
"14-Jan-09";-0.03555248;-0.034032484;-0.047383437;-0.050945198;0.002912354;-0.040301613;-0.045220199
"15-Jan-09";-0.017267844;0.001328305;-0.019550621;-0.014334659;-0.050447588;0.030313602;-0.012070424
"16-Jan-09";0.032278032;0.007533126;0.00679078;0.006289177;0.025453186;0.004866686;0.008560858
"19-Jan-09";-0.044348781;-0.054261984;-0.011549904;-0.009351296;0.003238918;-0.013151015;-0.012045182
"20-Jan-09";-0.029661366;0;-0.017833593;-0.004170789;-0.023411498;-0.040899261;-0.015088013
"21-Jan-09";0.00152943;0.042572033;0.005011186;-0.007728867;-0.020561328;0.033532127;-0.003338563
"22-Jan-09";0.005043164;-0.015278458;-0.009841399;-0.001898399;0.018817884;-0.016981713;-0.00655222
"23-Jan-09";-0.010007954;0.005363236;-0.009640052;7.4e-05;-0.038808465;0.006261036;-0.003620056
"26-Jan-09";0.061708176;0.005537856;0.034786791;0.037891115;-0.008181598;0.009838156;0.032799581
"27-Jan-09";0.01094866;0.010866312;-0.000797661;-0.003474788;0.048148148;0.00492178;-0.002641806
"28-Jan-09";0.03587086;0.033006834;0.044182012;0.023747818;0.005594001;0.038724652;0.0299742
"29-Jan-09";-0.020271848;-0.033681051;-0.020255911;-0.02477352;0.017723189;-0.014750158;-0.023108586
"30-Jan-09";-0.023458255;-0.02305281;-0.020478765;-0.009712656;-0.031665977;-0.00853829;-0.007201303
"2-Feb-09";-0.035607494;-0.000532907;-0.015636734;-0.017454317;-0.015133862;-0.016289303;-0.019739294
"3-Feb-09";0.022402818;0.01570993;0.02404002;0.021038593;-0.006174742;0.027573706;0.017862274
"4-Feb-09";0.023230767;-0.007517662;0.026576513;0.015274749;0.026908324;0.009564898;0.018769962
"5-Feb-09";-0.014571381;0.016233194;0.003931905;7.09e-05;-0.011169331;0.024127811;-0.004139094
"6-Feb-09";0.042758926;0.026540681;0.029305918;0.014787613;0.015845566;0.039282461;0.019126668
"9-Feb-09";0.021467637;0.001484047;0.004766184;0.003651379;-0.013410689;-0.015461796;0.005627159
"10-Feb-09";-0.043906874;-0.05036862;-0.035170147;-0.022182186;-0.002901673;-0.021439596;-0.024387753
"11-Feb-09";-0.033893469;0.007923456;0.005434056;0.005019306;-0.030744916;-0.008799248;0.001097418
"12-Feb-09";-0.020825038;0.001737641;-0.027420558;-0.007609828;0;-0.008482232;-0.014092175
"13-Feb-09";0.009709195;-0.010048038;0.001321853;-0.003002934;0.009563024;0.028550768;0.003031933
"16-Feb-09";-0.024629091;-0.046629446;-0.045613986;-0.013166304;-0.003764436;0.003999287;-0.012721713
"17-Feb-09";-0.050687495;0;0;-0.024655731;-0.013596231;-0.0488296;-0.030934994
"18-Feb-09";-0.012101138;-0.000950817;-0.002764335;-0.006790311;-0.014634038;-0.004351059;-0.003303102
"19-Feb-09";0.032923209;-0.012096922;0.002434631;0.002890896;0.003075786;0.001410509;0.00256948
"20-Feb-09";-0.04977568;-0.011478573;-0.048746751;-0.032706045;-0.018869228;-0.025879448;-0.037924005
"23-Feb-09";0.029566248;-0.035315356;-0.019673359;-0.009922818;-0.00543789;-0.012554261;-0.012159595
"24-Feb-09";-0.004151655;0.039320053;-0.010393087;-0.00894738;-0.01469498;0;-0.009447032
"25-Feb-09";0.010197804;-0.010715038;-0.012797967;0.008505804;0.026160742;0;-0.000994183
"26-Feb-09";-0.000812008;-0.015905668;0.024757229;0.0171552;-0.000441044;-0.001361043;0.020902648
"27-Feb-09";-0.009518451;-0.023846498;-0.025399626;-0.022077662;0.014706431;7.86e-05;-0.018261438
"2-Mar-09";-0.031323951;-0.047741863;-0.035395107;-0.054815959;-0.038832861;-0.052364888;-0.048816774
"3-Mar-09";0.004122949;-0.006427392;-0.005229183;-0.031860804;-0.006951158;0.006409661;-0.020299096
"4-Mar-09";0.00272274;0.02347539;0.052829213;0.037389099;0.008434917;0.051674378;0.03654846
"5-Mar-09";-0.043381574;-0.043463291;-0.051537616;-0.032333707;0.019360241;-0.027268058;-0.037465203
"6-Mar-09";-0.019234871;0.001215289;-0.007900176;0.00022661;-0.035657548;-0.007089752;-0.01117204
"9-Mar-09";-0.016436982;-0.010074281;0.006963461;0.003308312;-0.012212678;-0.009858434;-0.000177944
"10-Mar-09";0.021882653;0.06171871;0.051456064;0.047628049;-0.00439149;0.054398075;0.050459269
"11-Mar-09";0.024432446;0.002442817;0.006952911;-0.005776774;0.044514005;0.000257732;0.003950464
"12-Mar-09";0.002741911;0.039921068;0.010703606;0.004942016;-0.024409814;0.008902402;0.009801191
"13-Mar-09";0.034066676;0.007709238;-0.000662468;0.011144266;0.05026001;-0.003505319;0.006193885
"16-Mar-09";0.005609476;-0.003522156;0.022741267;0.028960896;0.017661194;-0.01051258;0.026677664
"17-Mar-09";-0.013630133;0.031634285;-0.014135646;-0.001787311;0.031303344;0.023145507;-0.005683706
"18-Mar-09";-0.000881369;0.020643416;0.00214176;-0.013599614;0.002894238;0.015844054;-0.004204775
"19-Mar-09";0.030888693;-0.013064131;0.011726823;0.003122584;-0.003293103;0.007717639;0.00702835
"20-Mar-09";-0.000951721;-0.019967428;0.006232608;0.006788715;0.033362642;-0.009363155;0.003375003
"23-Mar-09";0.051330657;0.06836638;0.026109079;0.028196899;0;0.057290099;0.028379434
"24-Mar-09";0.011893995;-0.020626376;0.002628016;-0.010503256;0.032662479;-0.022952804;-0.003923899
"25-Mar-09";0.014858013;0.00958032;0.008543981;-0.002867459;-0.000979474;0.007757469;0.007125859
"26-Mar-09";0.00054608;0.023052626;0.008506817;0.006363832;0.018268453;0.018723588;0.004564397
"27-Mar-09";0.006408036;-0.020524738;-0.013191856;-0.006722843;-0.001084381;-0.016143127;-0.013192092
"30-Mar-09";-0.040576634;-0.035439358;-0.052331177;-0.035504525;-0.04636884;-0.030380243;-0.039575426
"31-Mar-09";0.036216524;0.013044212;0.023664745;0.04245663;-0.015484589;0.006692924;0.033905256
"1-Apr-09";0.019586989;0.016421016;0.011273478;0.00748573;0.029450342;0.025332468;0.013131002
"2-Apr-09";0.052522395;0.028322241;0.058950531;0.041933723;0.043103753;0.041073535;0.046299865
"3-Apr-09";0.010895898;0.009684728;0.000700361;-0.023374088;0.003441406;0.014865185;-0.013565922
"6-Apr-09";0.018613487;-0.008367252;-0.008055179;-0.009023892;0.012277689;-0.005058842;-0.00663938
"7-Apr-09";-0.035028186;-0.024143678;-0.006298227;-0.015901395;-0.002835377;-0.007773473;-0.010973461
"8-Apr-09";0.046046123;0.011714575;0.008160941;-0.001272913;-0.027295924;0.008113036;0.00457624
"9-Apr-09";0.05155751;0.037347061;0.030107235;0.014717304;0.036672343;0.030251635;0.020350247
"10-Apr-09";0.014648571;0.002530186;0;0.001329537;0.005374682;0.009898367;0
"13-Apr-09";-0.018458136;0;0;0;-0.004436367;0;0
"14-Apr-09";-0.009219812;-0.02026854;0.014564593;0;-0.009202462;-0.012558966;0.010410568
"15-Apr-09";-0.007271922;0.012470933;-0.001585629;-0.005177582;-0.011341193;-0.003197674;-0.00569206
"16-Apr-09";0.037113921;0.015419321;0.013029635;0.021094357;0.001405858;0.016473899;0.019679181
"17-Apr-09";-0.006440886;0.004957068;0.014511955;0.009771985;0.017247937;-0.005381101;0.015000818
"20-Apr-09";-0.043561684;-0.043732255;-0.04159436;-0.025212563;0.001925716;-0.02982119;-0.033145055
"21-Apr-09";-0.013976351;0.021029382;0.003411245;-0.000852301;-0.024203839;0.010188062;0.000107111
"22-Apr-09";0.017986713;-0.007711286;0.02040297;0.01077559;0.001831566;0;0.014246565
"24-Apr-09";0.041463716;0.026531285;0.017241174;0.030613015;-0.002215049;0.041114235;0.019732664
"27-Apr-09";-0.00776554;-0.010117621;0.004216312;0.002643279;0.002105043;-0.020564056;0.001193826
"28-Apr-09";-0.021244475;-0.002744255;-0.018631963;-0.017087813;-0.027013084;2.18e-05;-0.016191973
"29-Apr-09";0.073005406;0.021379806;0.020864204;0.022496725;0.038624986;0.030223262;0.021224456
"30-Apr-09";0.040498015;-0.0009505;0.013698743;0.012830266;0;0.001333094;0.013364378
"4-May-09";0.015619342;0.038689132;0.027504086;0.021724277;0.061229315;0.06379152;0.015641377
"5-May-09";0.042492156;-0.003798927;-0.010131828;0;0;0.005243643;0.004722386
"6-May-09";0.015539992;0.017254573;0.005687449;0.013648963;0;0.016228371;0.012728662
"7-May-09";-0.01169267;-0.013290323;-0.015820981;0.000500273;0;-0.028380057;-0.005234116
"8-May-09";-0.005918252;0.02378394;0.022598204;0.014310465;0.005008903;0.026378015;0.016838852
"11-May-09";-0.018413175;-0.0217472;-0.009608685;-0.005979158;0.002028086;-0.008205415;-0.011834648
"12-May-09";0.020467942;-0.000979319;-0.00263347;-0.002257083;-0.016359317;-0.012833092;-0.004118204
"13-May-09";-0.000703323;-0.027263206;-0.026405979;-0.021492451;0.004493787;-0.033274117;-0.02444295
"14-May-09";-0.008364512;0.010298404;0.002294509;0.007177395;-0.026773548;0.015633439;0.004393536
"15-May-09";0.019054811;-0.011475674;-0.000204728;-0.003329242;0.018660853;-0.00891802;0.002504001
"18-May-09";0.008294571;0.029936576;0.023873177;0.022378302;-0.024731766;0.048899958;0.021345107
"20-May-09";0.06128487;-0.006882962;0.037812995;0.004913133;0.033288664;-0.004245051;0.01755585
"21-May-09";-0.012065934;-0.01689961;-0.027823812;-0.027889576;-0.008650804;-0.022856559;-0.020868958
"22-May-09";0.008559532;-0.001498313;0.003682503;0.004546089;-0.004147121;0.009557472;-0.000809664
"25-May-09";0.002812079;0.025962189;-6.1e-05;0.010573187;0.013050445;0.0048923;0.00163058
"26-May-09";-0.022049112;0;0.013560317;0;-0.003879345;0.019970076;0.00693029
"27-May-09";0.006089365;-0.019153403;0.003038143;0.001019495;0.013649584;-0.000945645;0.003596128
"28-May-09";-0.00946971;0.015301234;-0.013668905;-0.006520009;0.001336146;0.023829502;-0.009320093
"29-May-09";0.01745131;0.013483449;0.001608313;0.006904881;0.007495599;0.002955602;0.002727525
"1-Jun-09";0.036775968;0.025489965;0.040019701;0.019789756;0.016172017;0.023922986;0.022988538
"2-Jun-09";-0.010423561;0.001981342;0.000291641;-0.006501047;0.00274068;-0.008959741;0.000450926
"3-Jun-09";-0.020392771;-0.013834487;-0.01755778;-0.0211285;0.003842444;-0.036068649;-0.019199926
"4-Jun-09";-0.026503017;0.011418207;0.002029779;0.000798148;-0.007491806;0.026093133;0.001198657
"5-Jun-09";0.014207147;-0.002517863;0.002411795;0.011716184;0.010192006;-0.002303264;0.006255363
"8-Jun-09";-0.043297074;-0.001011052;-0.014344978;-0.00755335;0.009944239;0.005403347;-0.010088166
"9-Jun-09";0.006670686;0.003497083;-0.001371646;-9.08e-05;-0.008020417;-0.008858814;0.002247523
"10-Jun-09";0.02671333;-0.003486435;0.010612059;0.00723854;0.020697148;0.004766918;0.009563579
"11-Jun-09";0.006414361;0.006093308;0.011041178;0.005641288;-0.001017383;0.002748462;0.007607936
"12-Jun-09";0.008682443;0.001396013;-0.007472152;-0.004469959;0.015359336;0;-0.003360153
"15-Jun-09";-0.010935365;-0.024055536;-0.036010872;-0.026461398;-0.009531439;-0.028867828;-0.026607747
"16-Jun-09";-0.004115531;-0.012801901;0.000159498;0.000600837;-0.028981619;-0.016040638;-0.001898177
"17-Jun-09";-0.002397706;-0.00138258;-0.018727781;-0.011641683;0.008979463;-0.003129526;-0.017037019
"18-Jun-09";0.024440981;0.008375844;0.007782173;0.000560787;-0.014032772;-0.002805326;0.006532695
"19-Jun-09";0.009371344;0.003109374;0.00040922;0.015069604;0.008470044;0.009210347;0.010530485
"22-Jun-09";-0.014240564;-0.031078361;-0.030645878;-0.026085699;0.00408005;-0.037260554;-0.028450775
"23-Jun-09";-0.024762184;0.002304071;0.002925363;-0.00094518;-0.028559096;0.006424415;-0.000397087
"24-Jun-09";0.032322169;0.006503219;0.027007371;0.011751017;0.00425394;-0.002854675;0.021006006
"25-Jun-09";0.020041017;0.021217576;-0.007357423;-0.006422449;0.021228049;0.036431633;-0.006491876
"26-Jun-09";0.02094488;-0.001478936;-0.005030798;-0.00273147;0.008266001;-0.000563101;-0.002434553
"29-Jun-09";0.004539175;0.009024344;0.022485929;0.012419609;-0.00955408;0.012584123;0.01610096
"30-Jun-09";0.006462161;-0.008567381;-0.015773409;-0.01048797;0.017726206;-0.012992085;-0.009756314
"1-Jul-09";0.008066865;0.004352434;0.019930494;0.021304896;-0.001860454;0.001533847;0.018996966
"2-Jul-09";-0.002963695;-0.029577647;-0.03885596;-0.0248176;-0.006437219;-0.010120103;-0.026148902
"3-Jul-09";-0.011508276;0.002562476;-0.00218104;0.000472222;-0.006101921;-0.001765399;-0.000129804
"6-Jul-09";-0.009724852;0;-0.012049252;-0.009820745;-0.013869065;-0.006164046;-0.01052673
"7-Jul-09";0.017404655;-0.019879851;-0.011595793;-0.001885015;-0.0034229;-0.023282659;-0.005062892
"8-Jul-09";-0.0098359;-0.001669895;-0.005569842;-0.011240391;-0.02381417;-0.005657236;-0.011370978
"9-Jul-09";-0.001230056;0.003540952;0.012479081;0.00445843;-0.013862056;0.000873993;0.005713551
"10-Jul-09";-0.008927347;-0.004029952;-0.01167899;-0.007603314;-0.000406925;0;-0.010951065
"13-Jul-09";0.003941595;0.024627968;0.031411443;0.017985189;-0.025844501;-0.000691001;0.020103773
"14-Jul-09";0.001961398;0.00530194;0.012489601;0.008436269;0.023098273;-0.006404264;0.00981059
"15-Jul-09";0.036041524;0.029199472;0.030228467;0.025350254;0.000802976;0.048407174;0.027037465
"16-Jul-09";0.010105514;0.008604637;0.00581654;0.003513893;0.008049079;0.01203328;0.004621884
"17-Jul-09";-0.009281959;-0.000382751;0.004269506;0.006171025;0.005460144;0.002961825;0.006393209
"20-Jul-09";0.024767693;0.011366703;0.01034125;0.012409018;0.026955527;0.020584797;0.010856959
"21-Jul-09";-0.005420251;0.003620702;0.012607683;0.008426009;0;0.001485116;0.00790874
"22-Jul-09";0.009434319;-0.000534409;0.005401593;0.002785548;0.007343449;-0.003028966;0.002757225
"23-Jul-09";0.027708479;0.023022629;0.024250767;0.014602347;0.007151049;0.021916235;0.018131092
"24-Jul-09";0.01469961;0.003037511;-0.003420947;0.003677601;0.015362945;0.00382684;0.000477297
"27-Jul-09";0.015375231;0.002977407;0.004234371;0.002073625;0.014387358;0.001687981;0.003589901
"28-Jul-09";0.008396005;-0.00260985;-0.014734175;-0.012572986;-0.000138779;-0.001412572;-0.009714293
"29-Jul-09";-0.000453061;-0.004573436;0.018301985;0.004120628;0.002572215;-0.01362225;0.00679058
"30-Jul-09";0.04563733;0.011825409;0.01699602;0.018324749;0.00512565;0.013732392;0.020259518
"31-Jul-09";0.016193889;0.000739529;-0.005334443;-0.005021656;0.018675099;0.005272613;-0.002400819
"3-Aug-09";0.050339385;0.015225583;0.017606197;0.01595143;-0.000421067;0.022246412;0.013411189
"4-Aug-09";0.005901211;0.003007551;-0.001813006;-0.002373343;0.002174891;0.000714056;-0.002555235
"5-Aug-09";-0.016477754;-0.002917791;-0.011886829;-0.005215443;-0.011875526;0.006155398;-0.006186667
"6-Aug-09";-0.007075515;-0.005640579;0.003165165;0.009295817;0.013135453;-0.011218338;0.007141904
"7-Aug-09";0.012236363;0.013349737;0.016434111;0.008724225;0.002307673;0.01026016;0.01108049
"10-Aug-09";0.004289841;-0.003350552;-0.007509404;-0.001988619;0.010715437;0.008837102;-0.003177243
"11-Aug-09";-0.036549776;-0.012740935;-0.02472302;-0.010837387;0.005798293;-0.018989655;-0.013443727
"12-Aug-09";-0.00436774;0.011459209;0.012087512;0.009693198;-0.014315821;0.014722248;0.010512515
"13-Aug-09";0.033335747;0.006856468;0.009491105;0.008171239;0.007845521;0.00809607;0.007872083
"14-Aug-09";-0.007142277;-0.008567996;-0.017180275;-0.008765038;0.007591021;-0.007212881;-0.008324871
"17-Aug-09";-0.017895879;-0.024559914;-0.02045602;-0.014745432;-0.031510413;-0.025391151;-0.01925327
"18-Aug-09";0.006328676;0.010094531;0.009400826;0.008745287;0.001590965;0.009570486;0.009641885
"19-Aug-09";0.027861466;0.006837444;-0.003579228;0.000831956;-0.007902834;0.007274059;-4.21e-05
"20-Aug-09";0.026608014;0.010889255;0.015001647;0.014164513;0.01742954;0.011948419;0.014198886
"21-Aug-09";0.01466062;0.01845147;0.028159057;0.019631127;-0.014083517;0.015677695;0.023348771
"24-Aug-09";0.016467907;-0.000545889;0.010382074;0.009295139;0.032938842;0.000796509;0.010500577
"25-Aug-09";-0.000329157;0.002366611;0.006742021;0.004198518;-0.007940868;-0.006146066;0.004957708
"26-Aug-09";-0.026864444;0.000116725;-0.006339909;-0.005342917;0.013469431;0.005990277;-0.004106477
"27-Aug-09";0.006307214;0.002777914;-0.009395737;-0.004344269;-0.015700096;-0.001073872;-0.004156013
"28-Aug-09";0.007392781;-0.001990379;0.008558729;0.008079158;0.00572828;-5.2e-05;0.009242537
"31-Aug-09";-0.025187312;-0.008109142;-0.010807922;-0.018338199;-0.003957836;-0.021228575;-0.006164299
"1-Sep-09";0.007152568;-0.022372209;-0.024247085;0;0.003570449;-0.012003278;-0.017967666
"2-Sep-09";-0.03160451;-0.003301906;-0.001399438;-0.000456564;-0.023989018;-0.007715796;-0.00598433
"3-Sep-09";0.012507327;0.008498592;-0.003468519;-0.004306092;-0.006423021;0.005778958;-0.001465902
"4-Sep-09";-0.01798409;0.01303221;0.015536746;0.01138013;-0.00269879;0.016821479;0.012772763
"7-Sep-09";0.010777477;0.008806056;0.014579985;0.016658706;0.013051646;0;0.015583349
"8-Sep-09";-0.006658603;0;0.003329304;0.002854109;0.006979791;0.021012589;0.002873531
"9-Sep-09";-0.008671602;0.007752278;0.016738829;0.01145557;-0.007832791;0.000950201;0.01084736
"10-Sep-09";-0.002567542;0.010368274;0.00367266;-0.003322661;0.019354473;0.010751868;-0.00103475
"11-Sep-09";0.040760842;-0.001351306;0.005214478;0.00476039;-0.006617068;-0.002908421;0.005179929
"14-Sep-09";-0.005213742;0.006319121;-0.000672343;0.001475515;-0.023469587;0.008564121;-0.000698728
"15-Sep-09";-0.004136276;0.003130399;0.001553886;0.004611876;0.00152402;0.00670439;0.004297024
"16-Sep-09";0.025284654;0.015207304;0.012583534;0.016132238;0.005188316;0.019169169;0.014512465
"17-Sep-09";0.011543224;-0.003064311;0.005402676;0.007756573;0.016706504;-0.002901027;0.005445147
"18-Sep-09";0.000267365;0.002633813;-0.004776585;0.001721987;-0.007039407;0.00772294;-0.00036404
"23-Sep-09";0.004858922;-0.006979274;-0.00031212;-0.006497119;0.016608748;-0.003415873;-0.002200783
"24-Sep-09";0.008482327;-0.009556581;-0.017129237;-0.011762884;0;-0.007466312;-0.014179304
"25-Sep-09";-0.012106949;-0.006109338;-0.00425509;0.000570782;-0.026742327;0.005149428;-0.002034007
"28-Sep-09";0.000624585;0.017652877;0.027374714;0.016296382;-0.025298876;0.015796766;0.017615119
"29-Sep-09";0.014048353;-0.00223207;-0.00398085;-0.001162183;0.009018586;-0.001338208;-0.001245038
"30-Sep-09";-0.006064639;-0.003333824;-0.006736539;-0.005012834;0.003264897;0.004610893;-0.004051818
"1-Oct-09";-0.006405308;-0.026097229;-0.021481345;-0.016913099;-0.015373314;-0.017364366;-0.017376967
"2-Oct-09";-0.026805495;-0.004515691;-0.015722781;-0.01177715;-0.025040742;0.011724119;-0.016212542
"5-Oct-09";0.032177895;0.014765453;0.007461259;0.007110786;-0.005913542;0.019378789;0.008032903
"6-Oct-09";0.044574339;0.013612406;0.026650954;0.022377758;0.001787643;0.004830464;0.023523141
"7-Oct-09";-0.009687353;0.00270795;-0.002989809;-0.005679782;0.011061401;-0.000526698;-0.004043262
"8-Oct-09";0.022759764;0.007442123;0.013346692;0.008905403;0.003348606;0.017753912;0.010892793
"9-Oct-09";0.004064031;0.005624801;-0.000815511;0.001415209;0.018532577;0.004865809;9.16e-05
"12-Oct-09";0.015381762;0.004376823;0.012414134;0.009313514;0.005989183;0.008934388;0.010575071
"13-Oct-09";-0.014092117;-0.002791504;-0.011988795;-0.010825728;0;0;-0.010315897
"14-Oct-09";0.026777977;0.017393671;0.024175548;0.019596792;-0.001623895;0.023769337;0.019869578
"15-Oct-09";0.001926307;0.004148815;-0.004000036;-0.006317357;0.017581736;0.007554361;-0.004118031
"16-Oct-09";-0.034743583;-0.008131019;-0.015099439;-0.006299717;0.00184522;-0.007569466;-0.009167473
"19-Oct-09";0.010606877;0.009361385;0.018829544;0.017437916;-0.002054253;0.015572973;0.01594895
"20-Oct-09";0.018463331;-0.006258672;-0.006994001;-0.007240005;0.009753472;-0.029215459;-0.005858889
"21-Oct-09";-0.003019502;-0.008893203;0.003730277;0.002761565;-0.000333813;0.002798402;0.001612484
"22-Oct-09";-0.009280968;0.010587366;-0.012169423;-0.009651017;-0.006428974;0.009861728;-0.010527017
"23-Oct-09";0.010879518;-0.012253261;-0.003943263;0.006736868;0.001539648;-0.016403557;-0.000778076
"26-Oct-09";-0.010121663;-0.011786491;-0.017235792;-0.009756362;0.007714027;0.000414922;-0.013986319
"27-Oct-09";-0.026367552;-0.003323385;-0.001266274;0.001789718;-0.014596557;-0.03002245;0.000550359
"28-Oct-09";-0.030080424;-0.019734359;-0.024931016;-0.023460916;-0.013546473;-0.048646098;-0.021614441
"30-Oct-09";-0.036051349;-0.006195842;-0.014904187;-0.007091458;-0.004008998;0.022743939;-0.005098468
"2-Nov-09";-0.001328301;0.006435592;0.002924642;0.011823963;-0.023369712;0.017667081;0.006416061
"3-Nov-09";-0.030117918;0.002423036;-0.014367602;-0.013272131;0.004210263;0;-0.014107112
"4-Nov-09";0.028040939;0.00104211;0.016833799;0.013937989;0;0.02007084;0.016556042
"5-Nov-09";0.004521631;0.019052883;0.006716638;0.00345923;-0.012971414;0.014029703;0.006450039
"6-Nov-09";-0.001013832;0.002500083;0.001336473;0.003330642;0.007372851;-0.005414533;0.001380545
"9-Nov-09";0.022223315;0.021995171;0.023672397;0.017826815;0.002004252;0.026753968;0.019047949
"10-Nov-09";0.007653769;-6.4e-05;-0.001160874;-0.000898172;0.0062745;0.001343224;-0.002355524
"11-Nov-09";0.017689104;0.005019358;0.009777103;0.006916092;9.62e-05;0.00192867;0.00648076
"12-Nov-09";-0.006917942;-0.010312341;-0.000774776;0.001840032;-0.006829608;-0.030305118;-0.000105516
"13-Nov-09";-0.009044561;0.005722896;0.004029681;0.003764345;-0.003492249;0.013531422;0.001930278
"16-Nov-09";0.010121533;0.014363915;0.020535632;0.016162763;0.002133785;0.019719781;0.014123227
"17-Nov-09";-0.034907071;0.000919076;-0.004556587;-0.006860195;-0.006275279;0.011624134;-0.006568908
"18-Nov-09";-0.0164249;-0.000468443;0.001587406;-0.000711078;-0.005475434;-0.013291515;0.000538703
"19-Nov-09";-0.013773197;-0.013516784;-0.014870868;-0.014024999;-0.013245613;-0.002845466;-0.015621595
"20-Nov-09";-0.022447375;-0.003220084;-0.006868283;-0.003099127;-0.005438097;0.007240748;-0.005852463
"23-Nov-09";0.013944427;0.013523927;0.024132783;0.019629363;-0.010169798;0;0.020448651
"24-Nov-09";-0.010003918;-0.00053348;-0.005560568;-0.00589917;0;0.007575003;-0.006402333
"25-Nov-09";0.006343138;0.004494025;0.005825982;0.007634196;0.004251934;0.008873566;0.00538219
"1-Dec-09";-0.000838954;-0.001594961;-0.004561466;-0.009853035;0.01373337;0.009218681;-0.008318025
"2-Dec-09";0.045764354;0.000342636;0.000877292;0.002857252;0.003830851;0.001006117;0.002869599
"3-Dec-09";0.042937262;-0.008437646;-0.001961561;-0.002706667;0.037655681;-0.004381808;-7.26e-05
"4-Dec-09";0.011556349;0.00549437;0.008163663;0.001767682;0.004491949;-0.010462209;0.007764681
"7-Dec-09";-0.011418107;-0.002471451;-0.005671256;-0.002200676;0.014364649;0.01334176;-0.003357898
"8-Dec-09";-0.008669326;-0.010304438;-0.016764488;-0.016632558;-0.002671846;-0.011494464;-0.015214504
"9-Dec-09";-0.011447394;0.003665636;-0.007187485;-0.003682751;-0.013477367;0.004169712;-0.00846942
"10-Dec-09";0.010238217;0.005822698;0.010774209;0.007752496;-0.01428485;0.010472525;0.008986643
"11-Dec-09";-4.14e-05;0.003676275;0.00824579;0.003274322;0.024542197;0.007811917;0.003094079
"14-Dec-09";0.01066707;0.00693534;0.007954327;0.010154291;-0.000216686;0.001183125;0.008030007
"15-Dec-09";-8.19e-05;-0.00556247;0.001563684;-0.005565475;-0.002199201;-0.000548103;-0.001427231
"16-Dec-09";0.00852825;0.001127594;0.015722357;0.006505713;0.009272117;-0.009990441;0.010294153
"17-Dec-09";-0.022729184;-0.011880825;-0.010042756;-0.019492167;-0.00133817;-0.022906153;-0.013355087
"18-Dec-09";0.002705254;0.005812939;-0.002266256;-0.003994475;-0.002142241;-0.004093774;-0.005558315
"21-Dec-09";0.019354087;0.010448907;0.016889059;0.018531052;0.00407567;-0.013095524;0.015016334
"22-Dec-09";0.00344592;0.00355724;0.002553002;0.006533202;0.018925254;0.022394312;0.007488026
"23-Dec-09";-0.007540691;0.002296069;0.001974271;0.00816743;0.015194209;0.002533203;0.004134724
"24-Dec-09";0.01348731;0.005242394;0.007605159;0.005568563;0;0.004620241;0.001824665
"25-Dec-09";0.005091265;0.001153372;0;0.006494488;-0.00401396;0;0
"28-Dec-09";-0.001677504;0;0;0;0.013206723;0;0.003681056
"29-Dec-09";0.005816643;-0.001401965;0.001436601;0;0.000360093;0.00578571;0.004186106
"30-Dec-09";-0.004334286;0.000195328;-0.009043439;-0.007327798;-0.008649774;0.004266393;-0.00746846
"31-Dec-09";0.034372174;-0.010100375;0.015138061;0.002775005;0.010221194;0.0210203;0.000783591
"4-Jan-10";0.014477562;0.015916069;0;0.016017643;0;0;0.016777763
"5-Jan-10";0.024018915;0.003110806;-0.00272182;0.00402802;0.002534611;0.002780057;0.00131582
"6-Jan-10";0.005706348;0.000545376;0.000409408;0.001357159;0.004634515;0.006937723;0.000585708
"7-Jan-10";0.007498474;0.003993283;-0.002483888;-0.000596923;-0.00465043;-0.00393824;-0.000359589
"8-Jan-10";0.000835311;0.002877549;0.003027297;0.001356129;0.010862314;-0.002672088;0.003554423
"11-Jan-10";-0.006032639;0.001745232;0.000478552;0.000704461;0.007456628;0.002416559;-0.000497677
"12-Jan-10";-0.004338703;-0.009425438;-0.016272734;-0.007139781;0;-0.005081536;-0.009893407
"13-Jan-10";0.021362493;0.008291384;0.003383132;-0.004593435;-0.013334968;0.004399805;-7.47e-05
"14-Jan-10";-0.002075816;0.002423567;0.004307228;0.0045025;0.015954902;-0.008331836;0.005499697
"15-Jan-10";-0.015515838;-0.010882186;-0.019033264;-0.007814822;0.006799546;-0.011860723;-0.011114664
"18-Jan-10";0.013494937;0.012422194;0.007220334;0.007123448;-0.011633501;0.006113663;0.005403105
"19-Jan-10";0.007783483;0;0.009740279;0.003397687;-0.008342332;0.00729312;0.005296237
"20-Jan-10";0.002293962;-0.010654438;-0.0211286;-0.016883672;-0.002546691;-0.024749831;-0.017593107
"21-Jan-10";-0.01301137;-0.019126605;-0.018030406;-0.015935777;0.012116266;-0.028707259;-0.013776535
"22-Jan-10";-0.027452668;-0.022389806;-0.009027974;-0.006034931;-0.025898322;-0.000754774;-0.008199445
"25-Jan-10";0.003951546;0.004587541;-0.011292033;-0.008084639;-0.007378995;-0.010566044;-0.007667436
"26-Jan-10";-0.008489498;-0.004212071;0.006647636;0.003150745;-0.017987842;0;0.003881709
"27-Jan-10";0.000287764;0.004868323;-0.004549107;-0.011320444;-0.007114645;-0.006952874;-0.010127461
"28-Jan-10";0.012920276;-0.011888153;-0.018397215;-0.013856946;0.01569829;0.007929139;-0.012274409
"29-Jan-10";-0.000908373;-0.009877767;0.012280944;0.008283224;-0.020983357;-0.002839913;0.010072536
"1-Feb-10";0.015822193;0.014165355;0.008113141;0.011288078;0.000684211;0.01773123;0.008520053
"2-Feb-10";-0.00318405;0.012889515;0.009711326;0.006818187;0.016142372;0.008838432;0.009226841
"3-Feb-10";0.000667055;-0.005489426;-0.006601821;-0.005732524;0.003199938;-0.000804338;-0.005941013
"4-Feb-10";-0.040104449;-0.031635816;-0.024784117;-0.021901495;-0.004657935;-0.048466862;-0.027518736
"5-Feb-10";-0.053826569;0.002892972;-0.018035461;-0.01537255;-0.029286272;-0.018485573;-0.021005008
"8-Feb-10";-0.031003435;-0.008902849;0.009251668;0.006185262;-0.010522409;0.006194626;0.006990165
"9-Feb-10";0.024150031;0.012955814;0.002441933;0.003821998;-0.001902969;0.024479016;0.002812647
"10-Feb-10";-0.00277599;0.007398858;0.006907373;0.003943854;0.015909378;0.02156801;0.005973752
"11-Feb-10";0.013763277;0;-0.005876669;0.005731788;0;0;0.000520113
"12-Feb-10";-0.009244139;-0.002748402;-0.000643384;-0.003687892;0;-0.004152024;-0.003473171
"15-Feb-10";0.006210933;0.017840667;0.001945241;0.00484967;-0.007847648;0.021481974;0.002932286
"16-Feb-10";0.011155246;0;0.014594224;0.014714623;0.002090032;0;0.01261871
"17-Feb-10";0.032506145;0.004228991;0.010003233;0.006178316;0.026802541;0;0.010460354
"18-Feb-10";-0.024484193;0.006563167;0.005661717;0.00914954;0.002796172;0.008155698;0.007058343
"19-Feb-10";0.012866975;0.002184195;0.00730372;0.006196607;-0.020735598;-0.003529424;0.006743182
"22-Feb-10";-0.007825399;-0.001046374;-0.005891087;-0.001139091;0.026983641;-0.006128479;-0.002708243
"23-Feb-10";-0.032981934;-0.012176614;-0.014942926;-0.006937181;-0.0046616;-0.016145356;-0.011454109
"24-Feb-10";-0.043526856;0.009673506;0.002039293;0.00521675;-0.01491639;-0.004745921;0.003122244
"25-Feb-10";-0.020265321;-0.002083164;-0.014923347;-0.012183446;-0.009543543;0.004942549;-0.014050056
"26-Feb-10";0.022167027;0.001404348;0.011882495;0.014352198;0.002379872;0.005760663;0.013824601
"1-Mar-10";0.029827052;0.010107284;0.020341986;0.009553621;0.00453541;0.010842768;0.013641532
"2-Mar-10";0.008177214;0.002327644;0.010974804;0.014362047;0.004881862;0.008162585;0.010262272
"3-Mar-10";0.003799038;0.000429127;0.007127584;0.008913314;0.003057392;-0.002038104;0.008006659
"4-Mar-10";-0.00872609;0.003729217;-0.003885239;-0.001084952;-0.010532058;0.002569101;-0.000617057
"5-Mar-10";0.022575537;0.0139103;0.014056986;0.013049525;0.021764786;0.015103242;0.014754495
"8-Mar-10";0.022410944;-0.000175654;-0.00024674;0.001231428;0.020708088;-0.003958614;0.001064674
"9-Mar-10";-0.012297362;0.001711315;0.00169702;-0.000785083;-0.001727368;0.014491643;-0.000303826
"10-Mar-10";-0.002936129;0.004514325;0.008598831;0.006813215;-0.000353026;0.005775517;0.007955017
"11-Mar-10";-0.005587472;0.00403337;-0.001363635;-0.004139321;0.009518242;-0.001344163;-0.003856762
"12-Mar-10";0.003557005;-0.00021737;0.002775875;0.001476488;0.008060293;-0.007814672;0.001601952
"15-Mar-10";-0.006337363;0.000452076;-0.007013474;-0.005650891;6.7e-05;-0.004582092;-0.006702784
"16-Mar-10";0.024778658;0.007749057;0.011357184;0.004726117;-0.002819266;0.013212057;0.008422483
"17-Mar-10";0.027046714;0.005804795;0.008885227;0.0042965;0.011616042;-0.003136078;0.005994462
"18-Mar-10";-0.018503617;-0.000325895;-0.001988936;-0.000354384;-0.009536449;-0.000372974;-0.002990566
"19-Mar-10";-0.007749177;-0.005099485;-0.004982194;0.001328292;0.007482156;-0.012532107;-0.001628348
"22-Mar-10";-0.000333173;0.00508233;0.000847123;-0.000991624;-0.004682661;0.003089847;-0.001586534
"23-Mar-10";0.009199751;0.007145391;0.004959705;0.005142217;0;0.004984515;0.006135255
"24-Mar-10";0.015642971;-0.005508385;0.003604767;0.000757609;0.003787087;-0.006854691;-0.000184603
"25-Mar-10";0.034281823;-0.001705629;0.015437439;0.008715149;0.001277036;-0.006858168;0.009993925
"26-Mar-10";-0.0025391;0.000737463;-0.002105608;-0.004304243;0.015351349;0.003515045;-0.003365283
"29-Mar-10";0.002987051;0.005667142;0.005995017;0.001349256;-0.000900703;0.018121718;0.001639787
"30-Mar-10";0.002899896;4.26e-05;-0.002341598;-0.006746929;0.010022902;0.000300217;-0.003988002
"31-Mar-10";9.21e-06;-0.003278272;0.001805466;0.001286128;-0.000649026;0.005871807;-0.000537831
"1-Apr-10";0.023256492;0.007386521;0.01323924;0.011431697;0.013831836;0.010798081;0.011916154
"2-Apr-10";0.006670397;0.007896758;0;0.00616038;0.003700767;0.002162527;0
"5-Apr-10";0.011553941;0;0;0;0.004703574;0;0
"6-Apr-10";-0.001356801;0.001682879;0.002666611;0;-0.005037669;-0.002724989;0.005250169
"7-Apr-10";0.011301841;-0.005894051;-0.00477771;-0.003170893;0.000931112;-0.004270951;-0.003953149
"8-Apr-10";-0.006800986;0.00336867;-0.008161901;-0.008610225;-0.011097557;0.013915415;-0.009357213
"9-Apr-10";0.023087673;0.006661623;0.012538072;0.010153609;0.003230749;-0.005139604;0.013490297
"12-Apr-10";-0.003594491;0.001765063;0.000158395;0.001142996;0.0042358;-0.011307511;0.002303192
"13-Apr-10";-0.01621416;0.000685109;-0.003182307;-0.002755801;-0.008090837;0.002517575;-0.003337412
"14-Apr-10";0.028145888;0.011088384;0.007605621;0.005987213;0.003905017;0.003426713;0.0061868
"15-Apr-10";-0.003290601;0.000842168;0.002076398;0.004939216;0.00612938;-0.007219636;0.003594524
"16-Apr-10";-0.011798023;-0.01625795;-0.017727677;-0.014003168;-0.015339077;-0.015763662;-0.015112856
"19-Apr-10";-0.014212047;0.004511129;-0.002991089;-0.00280686;-0.017574433;-0.004663629;-0.005225307
"20-Apr-10";0.016708117;0.008026026;0.016382873;0.009694645;-0.00074188;0.003178826;0.012064507
"21-Apr-10";-0.003765961;-0.001019431;-0.00541835;-0.010480582;0.017223137;0.000980505;-0.00889712
"22-Apr-10";-0.00118032;0.002261236;-0.009945965;-0.010203185;-0.012791962;0;-0.012900104
"26-Apr-10";0.015475997;0.002792559;0.026140574;0.015518036;0.019598292;-0.007435409;0.015972171
"27-Apr-10";-0.017618884;-0.023659567;-0.027634706;-0.026486483;0.004188857;-0.034882362;-0.029021541
"28-Apr-10";-0.020578676;0.006441938;-0.012278972;-0.003020529;-0.026008978;0.002177718;-0.011822851
"29-Apr-10";0.025293045;0.012860144;0.00990584;0.005569255;0.012065368;0.019639058;0.012360258
"30-Apr-10";0.008757443;-0.016787736;-0.001499926;-0.011547783;0;-0.00661218;-0.006068731
"3-May-10";-0.017841335;0.0130352;0.005075353;-0.025939946;-0.033259031;-0.00610478;0.000863421
"4-May-10";-0.021593711;-0.024127171;-0.026297374;0;0;-0.034097312;-0.030722352
"5-May-10";-0.0280919;-0.006608358;-0.008091769;-0.012871004;0;0.000693465;-0.013654444
"6-May-10";-0.024921713;-0.032888466;-0.008459008;-0.015260272;0;-0.02337866;-0.017706496
"7-May-10";-0.076967445;-0.015426629;-0.033241327;-0.026580918;-0.031445668;-0.008599649;-0.033875001
"10-May-10";0.100620694;0.043034725;0.051629978;0.050322689;0.015899612;0.04024732;0.067042467
"11-May-10";-0.010619634;-0.003403127;0.003284778;-0.009923973;-0.011422256;-0.015830571;-0.007264982
"12-May-10";0.03099938;0.013645989;0.023858036;0.0091998;-0.001640942;0.012325743;0.012905352
"13-May-10";0.006190107;-0.012219412;0.011013777;0.009281581;0.021559201;-0.006707098;0.003240997
"14-May-10";-0.046439624;-0.018979079;-0.031729866;-0.031938096;-0.014992412;-0.021467283;-0.035458268
"17-May-10";-0.003439788;0.001108852;0.001684314;-7.6e-05;-0.02191092;-0.008647641;-0.00055238
"18-May-10";0.021205697;-0.014297727;0.014564782;0.008477032;0.000671928;-0.032741573;0.013739955
"20-May-10";-0.0735257;-0.044899189;-0.047922435;-0.045131161;-0.02094789;-0.044516016;-0.046420552
"21-May-10";-0.008072813;0.014912655;-0.006605063;-0.002012629;-0.02480792;0.034904051;-0.000833535
"24-May-10";0.01516534;-0.012992123;-0.004051598;0.001322477;-0.002675136;-0.005725048;-0.001938918
"25-May-10";-0.057318925;0.00035387;-0.023640576;-0.025754897;-0.031067697;-0.012275656;-0.026448367
"26-May-10";0.043782356;-0.005677006;0.015397493;0.019522005;0.006613466;0.01685499;0.019345618
"27-May-10";0.014993319;0.032347213;0.03063387;0.030706095;0.012217841;0.031110931;0.029856859
"28-May-10";0.019388862;-0.012451871;0.001521461;-0.001309758;0.012705619;-0.002337975;-0.000867179
"31-May-10";-0.025179175;-0.017314285;0.003047731;-0.004849455;0.000585715;0.017601299;-0.000316987
"1-Jun-10";-0.007133402;0;0.002836193;0;-0.005838667;-0.019313905;-0.002435159
"2-Jun-10";0.017966551;0.025514387;-1.17e-05;-0.0023268;-0.011244189;0.01766298;0.000555776
"3-Jun-10";0.008177155;0.004043236;0.012202052;0.011561046;0.031866523;-0.020334679;0.012310678
"4-Jun-10";-0.021635353;-0.035017487;-0.019302705;-0.016484528;-0.001312112;0;-0.021691071
"7-Jun-10";-0.015977304;-0.013624434;-0.005729581;-0.011162341;-0.039176073;-0.008025503;-0.009470185
"8-Jun-10";-0.014532624;0.01091624;-0.006183398;-0.008121108;0.00179865;0.01093973;-0.008124869
"9-Jun-10";0.015006206;-0.005959341;0.019606982;0.011429826;-0.010413714;-0.00611345;0.015901475
"10-Jun-10";0.012652948;0.029079822;0.011932368;0.009120865;0.01090741;0.025216549;0.015173935
"11-Jun-10";0.015163323;0.004370107;-0.001447405;0.006060507;0.016895752;0.008779882;0.007070273
"14-Jun-10";0.017462519;-0.001806321;0.012679226;0.007409013;0.017830353;-0.001132628;0.01186348
"15-Jun-10";0.007567692;0.023222473;0.008138223;0.003013467;0.000813447;0.014206139;0.006593924
"16-Jun-10";0.005878307;-0.000556094;0.002565108;0.003844798;0.017966872;0.00478355;0.000989027
"17-Jun-10";0.01079917;0.001282138;0.005256789;0.003050003;-0.006752557;-0.003248464;0.002465087
"18-Jun-10";0.006836577;0.00131629;-0.001054618;-0.000590212;-0.000438122;-0.00159716;0.00221193
"21-Jun-10";0.008193586;-0.003864245;0.012148879;0.009156549;0.024020296;0.006049513;0.009956113
"22-Jun-10";-0.011254901;-0.016201322;-0.003809904;-0.00988051;-0.012296417;-0.000277692;-0.007960963
"23-Jun-10";-0.0221311;-0.002989922;-0.010345174;-0.013141046;-0.018885012;0.005370442;-0.013176245
"24-Jun-10";-0.008024183;-0.016946193;-0.014454797;-0.015235684;0.000467458;-0.01894756;-0.017800734
"25-Jun-10";-0.003590842;0.002855218;-0.007365815;-0.010584821;-0.019410937;0.013777682;-0.007953517
"28-Jun-10";0.016951145;-0.002035951;0.01416793;0.004981133;-0.004481409;-0.009283362;0.00912492
"29-Jun-10";-0.028443062;-0.031508271;-0.033893039;-0.031547094;-0.012797735;-0.03561306;-0.034902985
"30-Jun-10";-0.006194951;-0.010164425;0.002263889;0.000549277;-0.01984204;-0.01695535;0.002201934
"1-Jul-10";-0.007677619;-0.003245746;-0.018285286;-0.022854729;-0.02057115;0.004911119;-0.022401698
"2-Jul-10";0.026056594;-0.004673293;-0.003982358;0.00669856;0.00131664;0.003163063;0.003560579
"5-Jul-10";0.007375233;0.005344686;-0.003081455;-0.003022276;0.006829299;-0.009240018;-0.003738593
"6-Jul-10";0.022922606;0;0.021226975;0.028913492;0.007660418;0.019523926;0.026362864
"7-Jul-10";-0.000713719;0.030850062;0.008694658;0.009980243;-0.00627255;0.01945031;0.012938215
"8-Jul-10";0.015335579;0.009368673;0.00711645;0.01792485;0.027223014;0.003029349;0.012232775
"9-Jul-10";-0.002366536;0.0071781;0.004888902;0.005352412;0.005185917;-0.008162278;0.005906262
"12-Jul-10";0.002454421;0.000732597;0.001968305;0.006621448;-0.003889532;0;0.003920399
"13-Jul-10";0.012557159;0.015261854;0.018575204;0.019927849;-0.001140142;0.011465154;0.018808495
"14-Jul-10";0.009663843;-0.000155215;0.003004625;-0.003325577;0.026693466;-0.003255616;-7.34e-05
"15-Jul-10";-0.007802002;0.001195446;-0.009774236;-0.008065176;-0.011263534;0.00015752;-0.009217097
"16-Jul-10";0.004743861;-0.029242932;-0.017899298;-0.010105966;-0.029034363;-0.018279429;-0.015674885
"19-Jul-10";0.001609521;0.005964074;-0.005172062;-0.002056815;-0.011534794;0.015250702;-0.00339961
"20-Jul-10";0.00488972;0.011351892;-0.006950248;-0.001710765;0;0.018253481;-0.003202757
"21-Jul-10";0.027040454;-0.012902686;0.003828446;0.014506585;-0.0023284;0.000217155;0.009445343
"22-Jul-10";0.008759167;0.022263616;0.025019995;0.018844827;-0.006264984;0.019520681;0.021510898
"23-Jul-10";-0.006501973;0.008186429;0.003930625;-0.000225853;0.022527417;0.008707493;0.00094104
"26-Jul-10";0.002976954;0.011137931;0.004509516;0.00722079;0.007679093;0.001807692;0.00650243
"27-Jul-10";0.018680978;-0.001049869;0.002112645;0.002724696;-0.000716823;0.003470635;0.005502492
"28-Jul-10";0.002580017;-0.006946068;-0.004580894;-0.008609932;0.026642449;0.002007762;-0.004554765
"29-Jul-10";0.005429191;-0.004167314;-0.007185559;-0.001072063;-0.005887121;0.002182983;-0.003207669
"30-Jul-10";-0.015301669;6.35e-05;0.002160769;-0.010594121;-0.016505065;0.008343979;-0.006165908
"2-Aug-10";0.022125061;0.02178352;0.0231777;0.026111046;0.003455171;0.014732094;0.025194828
"3-Aug-10";-0.006415477;-0.004807873;0.002504755;-0.000111177;0.012842571;-0.007618303;0.000501044
"4-Aug-10";-0.008065884;0.006032852;0.003705923;-0.001910468;-0.021339106;0.00403614;0.000769452
"5-Aug-10";-0.005918982;-0.001269391;0.000355312;-0.003794647;0.017194987;0.002048521;-0.001961077
"6-Aug-10";0.005730527;-0.003710877;-0.011744559;-0.006244061;-0.001223049;-0.004644459;-0.010199694
"9-Aug-10";0.008207607;0.005468066;0.014585672;0.014540092;-0.007247642;-0.003427558;0.013367948
"10-Aug-10";-0.017887816;-0.005985299;-0.010342041;-0.006322505;-0.002242264;-0.00946078;-0.007752502
"11-Aug-10";-0.025658664;-0.028583327;-0.021251057;-0.024705633;-0.027405809;-0.0215476;-0.024910185
"12-Aug-10";-0.003832495;-0.00539328;-0.003075864;0.003976678;-0.00867426;0.002671607;0.000432349
"13-Aug-10";0.006947231;-0.004031704;-0.004043914;0.001764455;0.004426509;0.004507306;-0.000208761
"16-Aug-10";0.006578536;0.000120447;2.62e-05;0.000132683;-0.006156074;0.006588174;-0.000690329
"17-Aug-10";0.020238128;0.012118458;0.015560959;0.014002826;-0.003811894;0.013136331;0.014231898
"18-Aug-10";-0.000327362;0.001481685;-0.003242232;-0.008936174;0.008570758;0.000798687;-0.004438279
"19-Aug-10";-0.012118576;-0.017080409;-0.018135398;-0.017424496;0.013131249;-0.011165327;-0.016559421
"20-Aug-10";-0.009961145;-0.003669695;-0.011584289;-0.003074974;-0.01977191;-0.003144563;-0.009876182
"23-Aug-10";-0.000396464;-0.004048532;0.000957052;0.007574268;-0.006852865;-0.010478088;0.005666019
"24-Aug-10";-0.013976189;-0.014618777;-0.01263499;-0.015167554;-0.013422368;-0.012597583;-0.015370175
"25-Aug-10";-0.002290255;0.003283982;-0.00607356;-0.009079105;-0.016788012;-0.005432496;-0.009328747
"26-Aug-10";0.015274597;-0.00771448;0.002214683;0.009040314;0.006882682;-0.014549103;0.008409564
"27-Aug-10";0.005853075;0.016450715;0.006505555;0.008843976;0.009451649;0.026544215;0.008337548
"31-Aug-10";0.006812423;-0.014437883;-0.004370022;0.004526804;-0.018748669;-0.006731457;0.000375835
"1-Sep-10";0.015375877;0.029077658;0.026428121;0.026664218;0.011600551;0.029166024;0.028944995
"2-Sep-10";0.009657952;0.009039912;-8.22e-06;0.000856818;0.015099904;-0.003958745;0.000777359
"3-Sep-10";0.006114259;0.013132363;0.008310417;0.010575054;0.00564342;-0.001932773;0.009502452
"6-Sep-10";0.005548296;-0.011537451;0.003323122;0.002042826;0.020330369;0.001019292;0.002650618
"7-Sep-10";-0.012223346;0;-0.006053993;-0.005789635;-0.00813074;-0.00510688;-0.007760931
"8-Sep-10";-0.002284646;0.006418033;0.007580031;0.004041528;-0.022071403;0;0.006180087
"13-Sep-10";0.036792574;0.020741297;0.015651223;0.024702944;0.032403707;0.024161011;0.020395796
"14-Sep-10";0.000956115;-0.00071333;0.002190302;0.000341331;-0.002417685;-0.004995479;0.000484693
"15-Sep-10";0.018699349;0.00353491;-0.002159959;-0.002121731;0.023093235;0.006111993;-0.003291133
"16-Sep-10";0.006212222;-0.000364488;-0.0019534;-0.002793877;-0.00074214;-0.006540496;-0.003385827
"17-Sep-10";-0.000664324;0.000826575;-0.006403214;-0.005720197;0.012185822;-0.008519406;-0.005119605
"20-Sep-10";0.006603581;0.015095292;0.013566698;0.016920573;-0.002494255;0.01627783;0.014510754
"21-Sep-10";0.000326055;-0.002567373;-0.002959298;-0.004705386;0;-0.006931136;-0.002636234
"22-Sep-10";0.010378034;-0.004837173;-0.010837709;-0.004367329;-0.003734269;0.008908941;-0.009540356
"23-Sep-10";-0.00688954;-0.008366175;-0.003811822;-0.000864943;-0.009943358;0.0068408;-0.004187824
"24-Sep-10";0.002314967;0.020972838;0.018199639;0.009223436;0;-0.00873062;0.013605931
"27-Sep-10";0.012779852;-0.005683545;-0.003086542;-0.004493424;0.01378489;0.009050364;-0.004653907
"28-Sep-10";0.015942484;0.004838733;-0.000446038;0.000896716;-0.011244745;0.005969129;0.000129939
"29-Sep-10";0.010183485;-0.002591138;-0.004658633;-0.001632624;0.006677488;0;-0.00372329
"30-Sep-10";0.008789053;-0.003088461;-0.002869525;-0.003723729;-0.020079148;0.002913646;-0.002052123
"1-Oct-10";-0.010596542;0.00440668;-0.002842363;0.007952293;0.003715865;0.01144228;-5.64e-05
"4-Oct-10";0.008242206;-0.008067421;-0.012495353;-0.006619511;-0.002466825;0.002218841;-0.008419221
"5-Oct-10";0.011309614;0.020646748;0.013217963;0.014260682;0.014571825;0.012677698;0.015770769
"6-Oct-10";0.027594181;-0.000672205;0.008793511;0.008058574;0.017977402;-0.010463769;0.007364936
"7-Oct-10";0.000886129;-0.001647951;0.000879893;-0.003402833;-0.000683311;-0.008870974;7.76e-05
"8-Oct-10";0.000196004;0.006103643;0.002453868;-0.000795074;-0.009954585;0.012662984;-0.000715553
"11-Oct-10";0.037795036;0.000145893;0.002831483;0.002612535;-0.021103646;0.001932913;0.003023713
"12-Oct-10";0.000373868;0.003811421;-0.000783252;-0.001905771;0;0.010222987;-0.002811905
"13-Oct-10";0.015684163;0.007095823;0.020402479;0.015041041;0.001582576;0;0.016923241
"14-Oct-10";-0.004128521;-0.003648103;0.003219605;-0.003520824;0.018960889;0.000237154;-0.002618464
"15-Oct-10";0.007688495;0.002025533;0.005720008;-0.004164267;-0.008725799;0.001923051;-0.00085113
"18-Oct-10";-0.00814098;0.007217618;0.003740512;0.006832167;-0.000185275;-0.001309502;0.003826994
"19-Oct-10";-0.007695881;-0.016004698;-0.003988529;-0.006744504;0.004302993;-0.026442219;-0.00475292
"20-Oct-10";-0.011326735;0.010469066;0.005203143;0.004373389;-0.016685508;0.007713788;0.004381638
"21-Oct-10";0.022096172;0.001772366;0.013164456;0.005049285;-0.000545898;-0.010752869;0.008504807
"22-Oct-10";0.00179629;0.002386454;-0.000782335;-0.002869742;0.005342723;-0.001753101;-0.00251091
"25-Oct-10";0.008520975;0.002144637;0.005038874;0.001844537;-0.002714063;0.000718856;0.002497145
"26-Oct-10";-0.006401926;1.69e-05;-0.003834605;-0.007801563;-0.00253268;0.016534014;-0.006240309
"27-Oct-10";-0.042735496;-0.002694156;-0.006949003;-0.010798727;0.001028543;-0.002420229;-0.00775805
"1-Nov-10";0.014432573;0.001630874;0.00559637;0.008571028;-0.025059356;0.013959278;0.004239755
"2-Nov-10";-0.001306691;0.007729385;0.007459023;0.010967627;0.000574402;0.004795571;0.007955497
"3-Nov-10";0.007039443;0.003671294;-0.005501777;-0.001460057;0.021470945;0;-0.005426311
"4-Nov-10";0.042670292;0.019099224;0.017508792;0.019601379;0;0.015058842;0.016419017
"5-Nov-10";-0.004374118;0.003915147;0.002892753;0.002146838;0.028151792;-0.005343309;-0.001128411
"8-Nov-10";-0.00573413;-0.00212323;-0.000547957;-0.004332482;0.011047222;0.000688402;-0.002137489
"9-Nov-10";0.00852324;-0.008084915;0.00551178;0.004298441;-0.003956271;-0.01355192;0.005811444
"10-Nov-10";-0.016602556;0.004366586;-0.010064012;-0.009972628;0.013934149;-0.000572158;-0.010570965
"11-Nov-10";-0.011877058;-0.004251214;0.000531122;-0.000292295;0.003142399;-0.006203068;-0.003419001
"12-Nov-10";-0.017336606;-0.011878701;0.001664435;-0.003151887;-0.013953879;-0.011698188;-0.002616897
"15-Nov-10";0.006378861;-0.00121821;0.008216076;0.004045696;0.010505244;-0.01048581;0.006972103
"22-Nov-10";-0.035632732;7.51e-05;0.004684035;-0.02427692;0.028852659;0;-0.013762476
"23-Nov-10";-0.037541093;-0.014387044;-0.017306496;-0.017670344;-0.008446685;-0.024422303;-0.020006461
"24-Nov-10";-0.000448648;0.014812719;0.017562985;0.013489669;0;0.024364857;0.010218959
"25-Nov-10";0.00353471;-0.007496632;0.008152731;0.00736178;0.004937884;-0.00384198;0.005656774
"26-Nov-10";-0.023631065;0;-0.004469496;-0.005313359;-0.003996164;-0.016513443;-0.005822911
"29-Nov-10";-0.034779442;-0.001379798;-0.022295241;-0.020981723;0.008572097;-0.004671876;-0.020118927
"30-Nov-10";0.01117932;-0.006088749;-0.001416357;-0.004097738;-0.018836196;-0.002993816;-0.005513605
"1-Dec-10";0.019146304;0.021386708;0.026285309;0.020446876;0.005120189;0.023948434;0.022416874
"2-Dec-10";0.016953001;0.012737032;0.013162577;0.02192882;0.017907295;0.0026067;0.019000469
"3-Dec-10";0.004102904;0.00259991;-0.001422476;-0.00387392;0.000963295;0.003431619;-0.001358638
"6-Dec-10";0.010356506;-0.00129911;0.000958129;0.004341943;-0.001090165;-0.003072111;-0.000184585
"7-Dec-10";0.008157404;0.000514944;0.006811292;0.00659829;-0.00257333;-0.003081578;0.008135224
"8-Dec-10";-0.012462408;0.003694902;-0.003725918;-0.00241317;0.008955842;-0.016915168;0.001569353
"9-Dec-10";-0.03185293;0.003835407;-0.001680054;0.002327086;0.005219765;-0.00435122;0.002307034
"10-Dec-10";-0.020089707;0.005983684;0.006014192;0.000860511;-0.007213478;0.006797803;0.000681404
"13-Dec-10";0.022188263;4.84e-05;0.003308742;0.008189324;0.007991912;0.011406415;0.005687324
"14-Dec-10";0.004689318;0.000910538;-0.000283137;0.005173599;0.002220211;-0.005556013;0.002944845
"15-Dec-10";-0.026703272;-0.005135629;-0.001570804;-0.00152887;-0.000677767;-0.012780802;-0.003066529
"16-Dec-10";-0.019641181;0.006166034;0.001143812;-0.000187022;0.000146452;-0.008344725;0.000570854
"17-Dec-10";-0.016985296;0.000836423;-0.005989944;-0.001582588;-0.000723741;0.009978869;-0.003572554
"20-Dec-10";-0.017391671;0.002545174;0.00516391;0.003366377;-0.00852042;-0.010603079;0.003737539
"21-Dec-10";0.018217236;0.006011978;0.008426201;0.010166087;0.014972879;0.014039307;0.01055667
"22-Dec-10";0.012176661;0.003373865;-0.001423733;0.005311986;-0.002321765;0.003745816;0.001131094
"23-Dec-10";0.012478901;-0.001645724;-0.001448433;0.002103577;-0.006524902;0.000219047;0.000888
"24-Dec-10";0.004232967;0.000612494;-0.012397849;0.002132446;0;-0.010022903;0.000183047
"27-Dec-10";0.000634;0;0;-0.002082414;0.007443633;0;-0.005860665
"28-Dec-10";0.000438382;0.00077105;0.000196517;0;-0.006136991;0.003504023;0.000208575
"29-Dec-10";-0.005581774;0.001008621;0.003346326;0;0.005030739;0.013300146;0.001923258
"30-Dec-10";0.008438498;-0.001509338;-0.011686975;-0.004244872;-0.011239842;0.005106443;-0.00919071
"31-Dec-10";-0.006861097;-0.000190815;0;-0.011979016;0.016404095;0.009435184;-0.006157861
"3-Jan-11";0.017515472;0.01125131;0.010867538;0.019138055;0;0;0.00963293
"4-Jan-11";0.01104759;-0.00131389;-0.002060854;0;0;0.005075574;0.006576534
"5-Jan-11";0.011780211;0.004994592;-0.005106668;0.004976042;-0.001668041;0.010932935;-0.000548291
"6-Jan-11";0.00685022;-0.002125149;0.0059722;-0.0040453;0.014250478;-0.007228097;-0.000620243
"7-Jan-11";-0.018754847;-0.001846505;-0.004817217;-0.005864826;0.001070676;-0.007423453;-0.005461397
"10-Jan-11";-0.02632467;-0.001377275;-0.013152041;-0.00468989;-0.002884327;0.000998688;-0.009845709
"11-Jan-11";0.001794767;0.003718222;0.012249195;0.009640602;0;0.00421203;0.012638036
"12-Jan-11";0.009064051;0.008967269;0.018159931;0.006083883;0.000201679;0.017035947;0.014396731
"13-Jan-11";0.016297588;-0.001712249;0.000895086;-0.004439078;0.007293934;-0.012813303;-0.000367489
"14-Jan-11";-0.004700228;0.007357426;8.34e-05;-0.003625482;-0.008603672;0.003091891;-0.000761239
"17-Jan-11";-0.015367702;0.001375442;0.00033348;-0.002736117;0.000363777;-0.004676834;-0.002146761
"18-Jan-11";0.004579527;0;0.009195994;0.011742273;0.001533643;0.004394866;0.010994785
"19-Jan-11";-0.003209007;-0.010167185;-0.008532191;-0.013246988;0.003617375;-0.012229011;-0.01064461
"20-Jan-11";-0.03165166;-0.001295772;-0.008292367;-0.018371758;-0.011411733;-0.007105029;-0.010087879
"21-Jan-11";-0.000510833;0.002410664;0.005416474;0.004828217;-0.015719842;-0.006186256;0.00839604
"24-Jan-11";-0.007426254;0.005819323;0.000757244;0.008040448;0.0068469;0.004243655;0.004157979
"25-Jan-11";0.004638645;0.00026336;-0.001240198;-0.004417624;0.011466987;-0.010395646;-0.004044152
"26-Jan-11";0.005404402;0.004212062;0.009634681;0.008665055;-0.00599245;0;0.007096901
"27-Jan-11";-0.014976415;0.002241765;0.003952976;-0.000687095;0.007352326;-0.009622771;0.00191942
"28-Jan-11";-0.038598966;-0.018013749;-0.007403399;-0.014130991;-0.011355753;-0.020082457;-0.010477804
"31-Jan-11";-0.008883033;0.007633327;-0.00357116;-0.003150467;-0.011886581;-0.001845836;-0.002649511
"1-Feb-11";0.035256817;0.016555814;0.014976002;0.016056924;0.003566623;0.018926038;0.015088586
"2-Feb-11";0.014238624;-0.002726279;-8.35e-05;0.00707485;0.017640939;-0.017230143;0.001617824
"3-Feb-11";-0.027850188;0.002351473;0.001392468;-0.002803881;-0.002489383;0.001153964;-0.002883468
"4-Feb-11";0.013959227;0.002880096;0.003127022;0.002353787;0.0106948;-0.0226618;0.002761148
"7-Feb-11";0.008552888;0.006220742;0.009298107;0.008897506;0.004591322;0.001423858;0.008216678
"8-Feb-11";0.006885706;0.004176098;0.005424862;0.006637976;0.004139817;0.006237962;0.003980283
"9-Feb-11";-0.00325487;-0.002789697;-0.000319582;-0.006423159;-0.001707929;-0.023895466;-0.003024061
"10-Feb-11";-0.024920602;0.00074922;0.002643718;-0.005351106;-0.001147786;0.00559025;-0.003742423
"11-Feb-11";0.00641822;0.005492239;0.004203526;0.007100974;0.011240935;0.018077126;0.004727187
"14-Feb-11";0.000404514;0.002382143;0.003443976;-0.000461932;0;0.012122826;0.000168532
"15-Feb-11";0.000892722;-0.003240202;0.000460915;-0.003802537;0.001968126;-0.003265641;-0.00054988
"16-Feb-11";0.013399898;0.006237986;0.001925162;0.007952263;0.005717493;0.01837079;0.006974609
"17-Feb-11";0.015977203;0.003070891;-0.00118625;0.000345034;0.002619553;0.001685693;-0.000580515
"18-Feb-11";-0.001652602;0.001922906;0.002872108;-0.000723066;0.00056828;0.005627925;0.000571574
"21-Feb-11";-0.013705988;-0.020742153;-0.014238861;-0.011274897;0.001357583;-0.011941676;-0.012615329
"22-Feb-11";-0.01944185;0;-0.000472672;-0.002997105;-0.017919626;-0.012251554;-0.005464894
